{"cameraMode":{"drawMode":0,"name":"Shaded","section":"Shading Mode"},"sceneLighting":true,"audioPlay":false,"sceneViewState":{"m_AlwaysRefresh":false,"showFog":true,"showSkybox":true,"showFlares":true,"showImageEffects":true,"showParticleSystems":true,"showVisualEffectGraphs":true,"m_FxEnabled":true},"in2DMode":false,"pivot":{"x":1.0651133060455323,"y":5.931555271148682,"z":-8.142345428466797},"rotation":{"x":-0.24374724924564362,"y":0.08795785158872605,"z":-0.022707663476467134,"w":-0.9656189680099487},"size":0.7215060591697693,"orthographic":false}