{"cameraMode":{"drawMode":0,"name":"Shaded","section":"Shading Mode"},"sceneLighting":true,"audioPlay":false,"sceneViewState":{"m_AlwaysRefresh":false,"showFog":true,"showSkybox":true,"showFlares":true,"showImageEffects":true,"showParticleSystems":true,"showVisualEffectGraphs":true,"m_FxEnabled":true},"in2DMode":false,"pivot":{"x":0.7105936408042908,"y":3.547478199005127,"z":-6.504939079284668},"rotation":{"x":0.3499937057495117,"y":-0.1007712259888649,"z":0.03843158856034279,"w":0.9305366277694702},"size":0.08660278469324112,"orthographic":false}